file,seed,n_per_z,nz,nd,n_muestras,n_candidatos,best_f,best_cp,best_u,best_index
oertel_seed-18501_nperz-10_nz-100_nd-100_nmuestras-50.json,18501,10,100,100,50,54,0.45557257007342983,"[1.0, 0.48136627104824253, 0.548467086086962]","[-0.4257792915650727, 0.8936871299757524, 0.14154613590645065]",21
oertel_seed-18502_nperz-10_nz-100_nd-100_nmuestras-50.json,18502,10,100,100,50,54,0.4624702398011725,"[1.0, 0.5745557092268863, 0.5208369751173703]","[-0.3387379202452915, 0.939024155680462, -0.059078392297775874]",24
oertel_seed-18503_nperz-10_nz-100_nd-100_nmuestras-50.json,18503,10,100,100,50,54,0.40252471613900465,"[1.0, 0.4231879609548844, 0.5175051851982589]","[-0.24868988716485474, -0.4666184965467716, -0.8487758942750214]",1
oertel_seed-18504_nperz-10_nz-100_nd-100_nmuestras-50.json,18504,10,100,100,50,54,0.43192703193529697,"[1.0, 0.467097123229015, 0.5154372717518145]","[-0.3090169943749471, -0.6724985119639573, 0.6724985119639574]",23
oertel_seed-18505_nperz-10_nz-100_nd-100_nmuestras-50.json,18505,10,100,100,50,54,0.44147478095955006,"[1.0, 0.514527606589477, 0.49609749424066474]","[-0.30901699437494745, -0.8030035754386604, -0.509601564970322]",25
oertel_seed-18506_nperz-10_nz-100_nd-100_nmuestras-50.json,18506,10,100,100,50,54,0.414089388958825,"[1.0, 0.5120858557037393, 0.4231176349251319]","[-0.9921147013144779, -0.11340490030202462, -0.053364295396569256]",1
oertel_seed-18507_nperz-10_nz-100_nd-100_nmuestras-50.json,18507,10,100,100,50,54,0.4405544697066134,"[1.0, 0.533811461341387, 0.5088755119939332]","[0.9995065603657316, -0.015132248592212117, 0.02752545800541225]",25
oertel_seed-18508_nperz-10_nz-100_nd-100_nmuestras-50.json,18508,10,100,100,50,54,0.4586475126559639,"[1.0, 0.5357240439668964, 0.5456474242665168]","[0.3971478906347807, -0.17197006822779412, -0.9014986681066546]",30
oertel_seed-18509_nperz-10_nz-100_nd-100_nmuestras-50.json,18509,10,100,100,50,54,0.4107788632450567,"[1.0, 0.5195794131728634, 0.5384288477358044]","[-0.24868988716485474, -0.9609455936013647, -0.12139565956018686]",25
oertel_seed-18510_nperz-10_nz-100_nd-100_nmuestras-50.json,18510,10,100,100,50,54,0.45972947259704616,"[1.0, 0.5092554773645166, 0.4808101861864036]","[-0.33873792024529137, -0.929296965386276, 0.14718617975799542]",40
oertel_seed-18511_nperz-10_nz-100_nd-100_nmuestras-50.json,18511,10,100,100,50,54,0.46696056778274136,"[1.0, 0.5283492137719921, 0.4948532219096471]","[-0.3090169943749471, -0.628944958819362, 0.7133980207171764]",27
oertel_seed-18512_nperz-10_nz-100_nd-100_nmuestras-50.json,18512,10,100,100,50,54,0.4481570424322087,"[1.0, 0.42106179613568007, 0.5233872029469868]","[0.9995065603657316, -0.0192518757995791, 0.024819368728108287]",16
oertel_seed-18513_nperz-10_nz-100_nd-100_nmuestras-50.json,18513,10,100,100,50,54,0.38079547315144335,"[1.0, 0.44078470516357915, 0.4637658595522298]","[-0.9995065603657316, -0.01765546556353383, -0.02597922865673825]",16
oertel_seed-18514_nperz-10_nz-100_nd-100_nmuestras-50.json,18514,10,100,100,50,54,0.3921325540863219,"[1.0, 0.5243164868870436, 0.5080134299922604]","[0.9995065603657316, 0.019251875799579096, 0.02481936872810829]",10
oertel_seed-18515_nperz-10_nz-100_nd-100_nmuestras-50.json,18515,10,100,100,50,54,0.4717088083241072,"[1.0, 0.5015627858445462, 0.5288469675090156]","[-0.3681245526846781, 0.11653189346843014, -0.9224449205862474]",26
oertel_seed-18516_nperz-10_nz-100_nd-100_nmuestras-50.json,18516,10,100,100,50,54,0.46562150821070347,"[1.0, 0.4824727972328705, 0.5192276585211488]","[-0.0627905195293134, -0.2784405808209169, 0.9583987654464864]",21
oertel_seed-18517_nperz-10_nz-100_nd-100_nmuestras-50.json,18517,10,100,100,50,54,0.4503285685804995,"[1.0, 0.46330630072193146, 0.4749415029596694]","[0.24868988716485474, 0.5444244949378755, 0.8010963171389386]",26
oertel_seed-18518_nperz-10_nz-100_nd-100_nmuestras-50.json,18518,10,100,100,50,54,0.44229733183340564,"[1.0, 0.5019825154513855, 0.49265106848829143]","[-0.9995065603657316, 0.02221076074636142, -0.022210760746361424]",17
oertel_seed-18519_nperz-10_nz-100_nd-100_nmuestras-50.json,18519,10,100,100,50,54,0.3874799151769914,"[1.0, 0.45019696772717827, 0.46051121885591406]","[0.03141075907812828, 0.9404165010917025, -0.33857077352981263]",14
oertel_seed-18520_nperz-10_nz-100_nd-100_nmuestras-50.json,18520,10,100,100,50,54,0.4317254735139853,"[1.0, 0.49279962058569016, 0.4453137421337877]","[0.2789911060392295, 0.17994109321051632, 0.9432842443957238]",29
oertel_seed-18521_nperz-10_nz-100_nd-100_nmuestras-50.json,18521,10,100,100,50,54,0.47133086539251434,"[1.0, 0.5053823781467969, 0.4943175664090469]","[-0.39714789063478056, 0.49175751965739656, -0.7748858592236341]",31
oertel_seed-18522_nperz-10_nz-100_nd-100_nmuestras-50.json,18522,10,100,100,50,54,0.40422115170505357,"[1.0, 0.451921285528356, 0.4391103438052834]","[-0.4539904997395467, -0.13938412895876282, 0.8800367553350505]",13
oertel_seed-18523_nperz-10_nz-100_nd-100_nmuestras-50.json,18523,10,100,100,50,54,0.4645632570169029,"[1.0, 0.5067339564802389, 0.4842188804530745]","[-0.3090169943749471, 0.35010725463900166, 0.8842699856020304]",31
oertel_seed-18524_nperz-10_nz-100_nd-100_nmuestras-50.json,18524,10,100,100,50,54,0.474890433179493,"[1.0, 0.5040262360961203, 0.502634473294677]","[0.18738131458572474, -0.44594907984610277, 0.8752243490263167]",1
oertel_seed-18525_nperz-10_nz-100_nd-100_nmuestras-50.json,18525,10,100,100,50,54,0.4056014438160789,"[1.0, 0.5477040686109614, 0.5225946567100485]","[-0.9995065603657316, -0.026520981050879647, -0.016830726364690907]",8
oertel_seed-18526_nperz-10_nz-100_nd-100_nmuestras-50.json,18526,10,100,100,50,54,0.4691776907423321,"[1.0, 0.5369601941684614, 0.48281513534227716]","[0.9995065603657316, -0.006852044800028774, 0.03065428628956508]",29
oertel_seed-18527_nperz-10_nz-100_nd-100_nmuestras-50.json,18527,10,100,100,50,54,0.46858425723680647,"[1.0, 0.5010029921149521, 0.5014551395490081]","[0.3971478906347807, 0.20020196885337405, -0.895652122551818]",29
oertel_seed-18528_nperz-10_nz-100_nd-100_nmuestras-50.json,18528,10,100,100,50,54,0.43225127960059617,"[1.0, 0.47390775692178055, 0.5628044729067706]","[0.24868988716485474, 0.3565592429283888, 0.9005658478447125]",14
oertel_seed-18529_nperz-10_nz-100_nd-100_nmuestras-50.json,18529,10,100,100,50,54,0.472313242283969,"[1.0, 0.53466877189263, 0.5427692639403692]","[-0.3387379202452915, 0.939024155680462, -0.059078392297775874]",32
oertel_seed-18530_nperz-10_nz-100_nd-100_nmuestras-50.json,18530,10,100,100,50,54,0.4379880681095141,"[1.0, 0.5010119874254158, 0.5065665608683918]","[-0.2181432413965427, -5.975766693712682e-17, -0.9759167619387473]",1
oertel_seed-18531_nperz-10_nz-100_nd-100_nmuestras-50.json,18531,10,100,100,50,54,0.4105248218773333,"[1.0, 0.5392199224914266, 0.4408169610694731]","[-0.48175367410171543, 0.558578900236988, 0.6752059017066833]",5
oertel_seed-18532_nperz-10_nz-100_nd-100_nmuestras-50.json,18532,10,100,100,50,54,0.40863401921504405,"[1.0, 0.47882542178427556, 0.45626325953317753]","[0.3090169943749471, -0.8728365171167698, -0.37771008932108313]",19
oertel_seed-18533_nperz-10_nz-100_nd-100_nmuestras-50.json,18533,10,100,100,50,54,0.4564017117814546,"[1.0, 0.5272544311963295, 0.48986330555992197]","[0.5090414157503713, 0.18776505577687044, -0.8400125718582826]",25
oertel_seed-18534_nperz-10_nz-100_nd-100_nmuestras-50.json,18534,10,100,100,50,54,0.390981393282039,"[1.0, 0.4775550853226451, 0.47866155281111533]","[-0.2181432413965427, 0.7114127024280369, -0.6680609950124666]",40
oertel_seed-18535_nperz-10_nz-100_nd-100_nmuestras-50.json,18535,10,100,100,50,54,0.45627394231182505,"[1.0, 0.4963872182556955, 0.5279083324805356]","[0.3090169943749471, -0.458174971003568, -0.8334171783286889]",27
oertel_seed-18536_nperz-10_nz-100_nd-100_nmuestras-50.json,18536,10,100,100,50,54,0.4253903343925226,"[1.0, 0.5661409058216249, 0.4720420791443232]","[0.3971478906347807, -0.0863683398633839, -0.9136815981695086]",23
oertel_seed-18537_nperz-10_nz-100_nd-100_nmuestras-50.json,18537,10,100,100,50,54,0.4799550672282747,"[1.0, 0.5062723930435274, 0.46696436430181665]","[0.3681245526846781, -0.05838114859506263, 0.9279417843805865]",42
oertel_seed-18538_nperz-10_nz-100_nd-100_nmuestras-50.json,18538,10,100,100,50,54,0.4354871692106747,"[1.0, 0.5404525376700366, 0.48880702305144375]","[0.27899110603922916, 0.2679133974894982, -0.9221639627510075]",8
oertel_seed-18539_nperz-10_nz-100_nd-100_nmuestras-50.json,18539,10,100,100,50,54,0.46874227818398706,"[1.0, 0.47445295266792453, 0.5136569754682918]","[0.30901699437494745, 0.089502324619119, 0.9468356938113642]",28
oertel_seed-18540_nperz-10_nz-100_nd-100_nmuestras-50.json,18540,10,100,100,50,54,0.47832495634632033,"[1.0, 0.43130975301639973, 0.48015640842508955]","[0.30901699437494745, -0.1487780173496579, 0.9393474323917528]",30
oertel_seed-18541_nperz-10_nz-100_nd-100_nmuestras-50.json,18541,10,100,100,50,54,0.467450891250486,"[1.0, 0.478563856213744, 0.44956506609938285]","[-0.9995065603657316, 0.03085438817815584, -0.005885789328195162]",27
oertel_seed-18542_nperz-10_nz-100_nd-100_nmuestras-50.json,18542,10,100,100,50,54,0.4382121213058427,"[1.0, 0.46487122668726616, 0.5069530888800382]","[0.587785252292473, -0.3212993928037005, -0.7424790888445594]",20
oertel_seed-18543_nperz-10_nz-100_nd-100_nmuestras-50.json,18543,10,100,100,50,54,0.4069782009312321,"[1.0, 0.4863160136655926, 0.4435790044359714]","[-0.2789911060392295, 0.8688997051127983, -0.40887316518194156]",9
oertel_seed-18544_nperz-10_nz-100_nd-100_nmuestras-50.json,18544,10,100,100,50,54,0.4479722275430839,"[1.0, 0.5376605195727111, 0.4822964045245266]","[-0.33873792024529137, 0.9404165010917025, 0.029553779154865265]",29
oertel_seed-18545_nperz-10_nz-100_nd-100_nmuestras-50.json,18545,10,100,100,50,54,0.46958584626987904,"[1.0, 0.4489546078960492, 0.47049248248257103]","[-0.0627905195293134, -0.45309465319257586, 0.8892483263439624]",34
oertel_seed-18546_nperz-10_nz-100_nd-100_nmuestras-50.json,18546,10,100,100,50,54,0.46681975823304933,"[1.0, 0.46760541598334004, 0.5812769367834625]","[-0.2789911060392295, -0.7768939113036009, -0.5644464663104908]",25
oertel_seed-18547_nperz-10_nz-100_nd-100_nmuestras-50.json,18547,10,100,100,50,54,0.4439861676074882,"[1.0, 0.5563811982568236, 0.49749676536595605]","[-0.30901699437494745, -0.751482073403178, -0.5829092472599265]",8
oertel_seed-18548_nperz-10_nz-100_nd-100_nmuestras-50.json,18548,10,100,100,50,54,0.4317251247321872,"[1.0, 0.5112713209833678, 0.4767288012402101]","[0.39714789063478056, -0.8728365171167697, 0.28360177600256886]",6
oertel_seed-18549_nperz-10_nz-100_nd-100_nmuestras-50.json,18549,10,100,100,50,54,0.4534102381408276,"[1.0, 0.5258475562640218, 0.480670174299245]","[-0.6374239897486897, 0.6632131304202146, 0.3922231519569973]",21
oertel_seed-18550_nperz-10_nz-100_nd-100_nmuestras-50.json,18550,10,100,100,50,54,0.45819980147973643,"[1.0, 0.5059342094895207, 0.4587893506579339]","[-0.12533323356430448, -0.7644375157153519, -0.6323977112002039]",31
oertel_seed-18551_nperz-10_nz-100_nd-100_nmuestras-50.json,18551,10,100,100,50,54,0.47003959152911373,"[1.0, 0.5354319541675931, 0.4571071670614755]","[0.36812455268467775, 0.8928584884893851, -0.25939937016723136]",27
oertel_seed-18552_nperz-10_nz-100_nd-100_nmuestras-50.json,18552,10,100,100,50,54,0.42418623701476704,"[1.0, 0.486517964320751, 0.4600181053528486]","[-0.9995065603657316, -0.023561558089999483, -0.02077230767718885]",30
oertel_seed-18553_nperz-10_nz-100_nd-100_nmuestras-50.json,18553,10,100,100,50,54,0.43608825922010497,"[1.0, 0.44396737331907266, 0.5109067701785851]","[-0.4539904997395467, -0.8284369149633659, 0.3280013781559728]",25
oertel_seed-18554_nperz-10_nz-100_nd-100_nmuestras-50.json,18554,10,100,100,50,54,0.42070781596460904,"[1.0, 0.5233636320173419, 0.52096550380491]","[0.1873813145857246, 0.7568653348962766, -0.6261334584387525]",33
oertel_seed-18555_nperz-10_nz-100_nd-100_nmuestras-50.json,18555,10,100,100,50,54,0.4592541300587246,"[1.0, 0.45912122115944026, 0.44392813565903]","[-0.2789911060392295, 0.9560318683084699, -0.09037161904947669]",25
oertel_seed-18556_nperz-10_nz-100_nd-100_nmuestras-50.json,18556,10,100,100,50,54,0.46627417207065475,"[1.0, 0.5164569037889019, 0.4437790239809747]","[0.12533323356430448, -0.5050274721438786, 0.8539548190298357]",29
oertel_seed-18557_nperz-10_nz-100_nd-100_nmuestras-50.json,18557,10,100,100,50,54,0.43062788925842166,"[1.0, 0.4381666209235917, 0.5040477691555069]","[0.30901699437494745, 0.26533630938700137, 0.9132935673201465]",32
oertel_seed-18558_nperz-10_nz-100_nd-100_nmuestras-50.json,18558,10,100,100,50,54,0.39201662620264904,"[1.0, 0.5132760585221844, 0.4837473812541475]","[-0.48175367410171543, 0.7679133974894982, 0.42216396275100754]",18
oertel_seed-18559_nperz-10_nz-100_nd-100_nmuestras-50.json,18559,10,100,100,50,54,0.4156578092108337,"[1.0, 0.5524178539975808, 0.45177570574204545]","[0.4257792915650727, -0.7929059903603722, -0.4359037569521304]",1
oertel_seed-18560_nperz-10_nz-100_nd-100_nmuestras-50.json,18560,10,100,100,50,54,0.3676075360106867,"[1.0, 0.5024695840916754, 0.5193670808918682]","[0.9995065603657316, -0.02002197137261541, 0.02420240583533769]",5
oertel_seed-18561_nperz-10_nz-100_nd-100_nmuestras-50.json,18561,10,100,100,50,54,0.474114761723784,"[1.0, 0.48416412009295756, 0.5130172783780953]","[-0.3971478906347807, -0.8177253590884805, 0.41665188115255136]",34
oertel_seed-18562_nperz-10_nz-100_nd-100_nmuestras-50.json,18562,10,100,100,50,54,0.4505790959419516,"[1.0, 0.480039025713743, 0.5505657364512762]","[0.21814324139654234, 0.8071617959084699, -0.548546590053045]",28
oertel_seed-18563_nperz-10_nz-100_nd-100_nmuestras-50.json,18563,10,100,100,50,54,0.4354438878098702,"[1.0, 0.510973869010262, 0.5480456978989192]","[-0.3090169943749471, -0.45817497100356824, 0.8334171783286887]",38
oertel_seed-18564_nperz-10_nz-100_nd-100_nmuestras-50.json,18564,10,100,100,50,54,0.3669232879892964,"[1.0, 0.5038036828688408, 0.49327347047938386]","[0.4539904997395467, -0.5892331865265532, -0.6683538569066545]",1
oertel_seed-18565_nperz-10_nz-100_nd-100_nmuestras-50.json,18565,10,100,100,50,54,0.4313291849389997,"[1.0, 0.44142367807305044, 0.4925612398601035]","[-0.21814324139654234, 0.38758328343909887, 0.895652122551818]",21
oertel_seed-18566_nperz-10_nz-100_nd-100_nmuestras-50.json,18566,10,100,100,50,54,0.45223163959192,"[1.0, 0.5407497071413943, 0.52952886643892]","[0.1564344650402308, 0.36359232857345675, -0.9183293944713457]",18
oertel_seed-18567_nperz-10_nz-100_nd-100_nmuestras-50.json,18567,10,100,100,50,54,0.4640994692873945,"[1.0, 0.4956542758542773, 0.5336674215874496]","[-0.2181432413965427, -0.80716179590847, -0.5485465900530447]",1
oertel_seed-18568_nperz-10_nz-100_nd-100_nmuestras-50.json,18568,10,100,100,50,54,0.42637514900532225,"[1.0, 0.4430528484794663, 0.5530579327169196]","[0.48175367410171543, -0.05502375170696211, -0.8745774889840172]",1
oertel_seed-18569_nperz-10_nz-100_nd-100_nmuestras-50.json,18569,10,100,100,50,54,0.4425972496346284,"[1.0, 0.4354808945966089, 0.48573524766332854]","[-0.39714789063478056, -0.9177546256839811, -0.0]",21
oertel_seed-18570_nperz-10_nz-100_nd-100_nmuestras-50.json,18570,10,100,100,50,54,0.44814708702653383,"[1.0, 0.5478721293209223, 0.5234651372507242]","[-0.36812455268467775, 0.25939937016723136, 0.8928584884893851]",20
oertel_seed-18571_nperz-10_nz-100_nd-100_nmuestras-50.json,18571,10,100,100,50,54,0.4359589973529352,"[1.0, 0.40798571448528465, 0.495215815696058]","[-0.2789911060392295, -0.5644464663104909, -0.7768939113036009]",46
oertel_seed-18572_nperz-10_nz-100_nd-100_nmuestras-50.json,18572,10,100,100,50,54,0.4030459438160659,"[1.0, 0.5264520715331527, 0.40440110305300014]","[-0.9980267284282716, 0.053015789095378914, -0.0336448428344581]",1
oertel_seed-18573_nperz-10_nz-100_nd-100_nmuestras-50.json,18573,10,100,100,50,54,0.4620945012189082,"[1.0, 0.6549951232167741, 0.42521875197155967]","[0.15643446504023092, -0.6295762426904155, 0.7610269461637978]",26
oertel_seed-18574_nperz-10_nz-100_nd-100_nmuestras-50.json,18574,10,100,100,50,54,0.4258460807900505,"[1.0, 0.5160373335634381, 0.5197588379843701]","[-0.4539904997395467, 0.8800367553350505, 0.13938412895876287]",17
oertel_seed-18575_nperz-10_nz-100_nd-100_nmuestras-50.json,18575,10,100,100,50,54,0.4308097133582718,"[1.0, 0.4764684765141931, 0.5346097590841786]","[0.5620833778521307, 0.42101826646835305, -0.711903009996672]",19
oertel_seed-18576_nperz-10_nz-100_nd-100_nmuestras-50.json,18576,10,100,100,50,54,0.40530736421845853,"[1.0, 0.49337531273574925, 0.5090592823099441]","[0.3971478906347807, -0.5849988151137986, -0.7071420927082449]",15
oertel_seed-18577_nperz-10_nz-100_nd-100_nmuestras-50.json,18577,10,100,100,50,54,0.4277807537945,"[1.0, 0.5121995403284848, 0.4735637839830971]","[0.3387379202452915, -0.929296965386276, 0.14718617975799542]",6
oertel_seed-18578_nperz-10_nz-100_nd-100_nmuestras-50.json,18578,10,100,100,50,54,0.3827033856674627,"[1.0, 0.4891402413245068, 0.44640249960005995]","[0.5358267949789969, 0.7523016901767255, -0.38331685684271466]",1
oertel_seed-18579_nperz-10_nz-100_nd-100_nmuestras-50.json,18579,10,100,100,50,54,0.42183002731818287,"[1.0, 0.5362268018112676, 0.4885809337232999]","[-0.18738131458572474, -0.5773739594932421, -0.7946870791973539]",16
oertel_seed-18580_nperz-10_nz-100_nd-100_nmuestras-50.json,18580,10,100,100,50,54,0.43031171042050104,"[1.0, 0.5457039197752362, 0.5292850634465591]","[-0.5358267949789969, -0.7267485300526392, 0.4297978825551195]",1
oertel_seed-18581_nperz-10_nz-100_nd-100_nmuestras-50.json,18581,10,100,100,50,54,0.40156839131179606,"[1.0, 0.4303787310446199, 0.5023387031814823]","[-0.3681245526846781, -0.4981991544803359, -0.7850362515105809]",26
oertel_seed-18582_nperz-10_nz-100_nd-100_nmuestras-50.json,18582,10,100,100,50,54,0.4233388663124871,"[1.0, 0.48937780610784676, 0.48614994100652337]","[-0.30901699437494745, 0.9393474323917527, -0.14877801734965806]",12
oertel_seed-18583_nperz-10_nz-100_nd-100_nmuestras-50.json,18583,10,100,100,50,54,0.47826145800914294,"[1.0, 0.5093741980859515, 0.45386904083858126]","[0.33873792024529137, 0.14718617975799528, -0.9292969653862762]",41
oertel_seed-18584_nperz-10_nz-100_nd-100_nmuestras-50.json,18584,10,100,100,50,54,0.4679957476102418,"[1.0, 0.5531892930755278, 0.4774469796684051]","[0.3971478906347807, -0.4166518811525513, -0.8177253590884805]",27
oertel_seed-18585_nperz-10_nz-100_nd-100_nmuestras-50.json,18585,10,100,100,50,54,0.45764088149411697,"[1.0, 0.4818732078385825, 0.5273095258321581]","[0.3387379202452915, -0.929296965386276, 0.14718617975799542]",29
oertel_seed-18586_nperz-10_nz-100_nd-100_nmuestras-50.json,18586,10,100,100,50,54,0.46313484299361174,"[1.0, 0.5427074307930717, 0.48929249133692787]","[0.2789911060392295, -0.9560318683084699, 0.09037161904947669]",36
oertel_seed-18587_nperz-10_nz-100_nd-100_nmuestras-50.json,18587,10,100,100,50,54,0.36944949807156335,"[1.0, 0.5225132505113637, 0.44527162912109397]","[0.9995065603657316, -0.015989377270924254, 0.02703656043864067]",7
oertel_seed-18588_nperz-10_nz-100_nd-100_nmuestras-50.json,18588,10,100,100,50,54,0.4348880874977393,"[1.0, 0.5812674122780155, 0.47004868212893547]","[0.99556196460308, 0.04533702570470964, 0.082467743608675]",1
oertel_seed-18589_nperz-10_nz-100_nd-100_nmuestras-50.json,18589,10,100,100,50,54,0.47361440189013393,"[1.0, 0.5416628647742727, 0.47385010668465466]","[-0.24868988716485485, 0.9301242936848375, 0.2702260874142498]",32
oertel_seed-18590_nperz-10_nz-100_nd-100_nmuestras-50.json,18590,10,100,100,50,54,0.45376761799753407,"[1.0, 0.47819470080580995, 0.5160499824982985]","[0.9995065603657316, 0.020772307677188854, 0.02356155808999948]",51
oertel_seed-18591_nperz-10_nz-100_nd-100_nmuestras-50.json,18591,10,100,100,50,54,0.42999436751000114,"[1.0, 0.4991828642664109, 0.4876376502212308]","[0.39714789063478056, 0.7748858592236342, 0.4917575196573964]",15
oertel_seed-18592_nperz-10_nz-100_nd-100_nmuestras-50.json,18592,10,100,100,50,54,0.4550823527951055,"[1.0, 0.5252878765608552, 0.5878629302257776]","[-0.24868988716485474, -0.5936514515052355, -0.7653308396684788]",28
oertel_seed-18593_nperz-10_nz-100_nd-100_nmuestras-50.json,18593,10,100,100,50,54,0.4621103889358252,"[1.0, 0.4850437034148103, 0.44639482475140735]","[-0.03141075907812828, 0.09406187654680878, 0.9950707148713748]",28
oertel_seed-18594_nperz-10_nz-100_nd-100_nmuestras-50.json,18594,10,100,100,50,54,0.44393477304252826,"[1.0, 0.5206683310381974, 0.4594146284928773]","[0.24868988716485474, 0.7060667375114301, 0.6630407998018651]",3
oertel_seed-18595_nperz-10_nz-100_nd-100_nmuestras-50.json,18595,10,100,100,50,54,0.43398664563592015,"[1.0, 0.5294283617809129, 0.5223678946409901]","[0.3971478906347807, 0.3108782931996876, -0.8634976779248416]",1
oertel_seed-18596_nperz-10_nz-100_nd-100_nmuestras-50.json,18596,10,100,100,50,54,0.4196688343780502,"[1.0, 0.4915431959932929, 0.513542404971256]","[0.4539904997395467, -0.19436705129191761, -0.8695482019522102]",15
oertel_seed-18597_nperz-10_nz-100_nd-100_nmuestras-50.json,18597,10,100,100,50,54,0.45675775367066285,"[1.0, 0.47053579495740205, 0.5469879922690866]","[-0.21814324139654234, 0.41552514752475955, 0.8830358871572189]",11
oertel_seed-18598_nperz-10_nz-100_nd-100_nmuestras-50.json,18598,10,100,100,50,54,0.4073921552264216,"[1.0, 0.45153970246280495, 0.45283911213007816]","[-0.9995065603657316, 0.027036560438640674, -0.015989377270924247]",14
oertel_seed-18599_nperz-10_nz-100_nd-100_nmuestras-50.json,18599,10,100,100,50,54,0.4692888616716537,"[1.0, 0.5149784174409497, 0.553649310488667]","[0.06279051952931353, 0.8892483263439624, 0.4530946531925759]",26
oertel_seed-18600_nperz-10_nz-100_nd-100_nmuestras-50.json,18600,10,100,100,50,54,0.47645491853817257,"[1.0, 0.5315845286624201, 0.5252640276326506]","[-0.2789911060392295, 0.6573662633717452, -0.7000239699693694]",36
oertel_seed-18601_nperz-10_nz-100_nd-100_nmuestras-50.json,18601,10,100,100,50,54,0.4538000815357927,"[1.0, 0.4419644660515567, 0.5309820085322695]","[0.1564344650402308, 0.906455543315323, -0.39225834107192614]",36
oertel_seed-18602_nperz-10_nz-100_nd-100_nmuestras-50.json,18602,10,100,100,50,54,0.46379872028466224,"[1.0, 0.5057021987153195, 0.47042682016452897]","[-0.1564344650402308, -0.5805486404630471, 0.7990566526874577]",26
oertel_seed-18603_nperz-10_nz-100_nd-100_nmuestras-50.json,18603,10,100,100,50,54,0.4843629283577899,"[1.0, 0.45108486943124154, 0.5613214852137388]","[0.3681245526846781, -0.9073844574348496, 0.20282445640595004]",32
oertel_seed-18604_nperz-10_nz-100_nd-100_nmuestras-50.json,18604,10,100,100,50,54,0.4655193547769864,"[1.0, 0.5066186541308642, 0.4774045331852944]","[0.2789911060392295, 0.488829257293133, 0.8265651335286598]",18
oertel_seed-18605_nperz-10_nz-100_nd-100_nmuestras-50.json,18605,10,100,100,50,54,0.4285108132525085,"[1.0, 0.49444176721180744, 0.4056676754428909]","[-0.9995065603657316, -0.025411837900422948, -0.01846278094943573]",1
oertel_seed-18606_nperz-10_nz-100_nd-100_nmuestras-50.json,18606,10,100,100,50,54,0.42114010750688285,"[1.0, 0.4322444365166879, 0.5115643591796704]","[0.9921147013144779, 0.12035671279727489, 0.0349668574555783]",12
oertel_seed-18607_nperz-10_nz-100_nd-100_nmuestras-50.json,18607,10,100,100,50,54,0.42625029327733044,"[1.0, 0.48293096018977166, 0.477162632367404]","[0.2789911060392295, -0.7000239699693693, 0.6573662633717453]",22
oertel_seed-18608_nperz-10_nz-100_nd-100_nmuestras-50.json,18608,10,100,100,50,54,0.4071776133414216,"[1.0, 0.46098723746777415, 0.5313651432762275]","[-0.48175367410171543, 0.7929059903603722, 0.373113237422817]",1
oertel_seed-18609_nperz-10_nz-100_nd-100_nmuestras-50.json,18609,10,100,100,50,54,0.3967336439490571,"[1.0, 0.5167925169430088, 0.5146566170091311]","[-0.4539904997395467, 0.6865323262867641, 0.5679489335402618]",12
oertel_seed-18610_nperz-10_nz-100_nd-100_nmuestras-50.json,18610,10,100,100,50,54,0.4377561658955372,"[1.0, 0.5484739898861644, 0.4898684855380344]","[0.24868988716485474, 0.7060667375114301, 0.6630407998018651]",36
oertel_seed-18611_nperz-10_nz-100_nd-100_nmuestras-50.json,18611,10,100,100,50,54,0.4666064829039163,"[1.0, 0.47464694474210883, 0.4715307113106396]","[-0.3681245526846781, -0.5926618372094055, -0.7164050951984344]",26
oertel_seed-18612_nperz-10_nz-100_nd-100_nmuestras-50.json,18612,10,100,100,50,54,0.43121480240698273,"[1.0, 0.46402797983471533, 0.4876308389945381]","[0.2789911060392295, 0.4359642102572066, 0.85562793907505]",23
oertel_seed-18613_nperz-10_nz-100_nd-100_nmuestras-50.json,18613,10,100,100,50,54,0.44337519398018455,"[1.0, 0.49065439371069586, 0.5246121034813351]","[0.24868988716485485, 0.7836002378184704, -0.5693188977302337]",27
oertel_seed-18614_nperz-10_nz-100_nd-100_nmuestras-50.json,18614,10,100,100,50,54,0.36642488688342467,"[1.0, 0.41206920861293556, 0.45750628700873835]","[-0.9995065603657316, -0.025411837900422948, -0.01846278094943573]",9
oertel_seed-18615_nperz-10_nz-100_nd-100_nmuestras-50.json,18615,10,100,100,50,54,0.44234631540833513,"[1.0, 0.47888871336652394, 0.4810113588652466]","[0.4539904997395467, 0.8892483263439624, -0.05594676255779553]",17
oertel_seed-18616_nperz-10_nz-100_nd-100_nmuestras-50.json,18616,10,100,100,50,54,0.4339280647282536,"[1.0, 0.4540900280464943, 0.5110308058669191]","[0.9995065603657316, -0.0192518757995791, 0.024819368728108287]",10
oertel_seed-18617_nperz-10_nz-100_nd-100_nmuestras-50.json,18617,10,100,100,50,54,0.41762331828917526,"[1.0, 0.4988186306301057, 0.4781538792726748]","[0.9995065603657316, -0.0009866357858642186, 0.03139525976465669]",12
oertel_seed-18618_nperz-10_nz-100_nd-100_nmuestras-50.json,18618,10,100,100,50,54,0.46699814172198056,"[1.0, 0.5002312300569527, 0.5224310031651841]","[-0.3681245526846781, -0.8147693455315838, -0.44792323817004676]",35
oertel_seed-18619_nperz-10_nz-100_nd-100_nmuestras-50.json,18619,10,100,100,50,54,0.43826155511095644,"[1.0, 0.409356162418201, 0.4745483758499026]","[0.5358267949789969, 0.8293725566548313, -0.1582112766220053]",33
oertel_seed-18620_nperz-10_nz-100_nd-100_nmuestras-50.json,18620,10,100,100,50,54,0.35862357983352716,"[1.0, 0.45128290812988686, 0.4624772830079933]","[0.33873792024529137, -0.743441655637075, -0.5766724599384813]",1
oertel_seed-18621_nperz-10_nz-100_nd-100_nmuestras-50.json,18621,10,100,100,50,54,0.4527215952815691,"[1.0, 0.5163629460420038, 0.47260469325312227]","[-0.39714789063478056, 0.9136815981695086, -0.08636833986338395]",29
oertel_seed-18622_nperz-10_nz-100_nd-100_nmuestras-50.json,18622,10,100,100,50,54,0.40705805108537535,"[1.0, 0.4600019118988058, 0.5403273664699033]","[-0.2789911060392295, -0.7942402530219216, -0.5397651185753682]",6
oertel_seed-18623_nperz-10_nz-100_nd-100_nmuestras-50.json,18623,10,100,100,50,54,0.44467974751341705,"[1.0, 0.4818859884762269, 0.4249588427747328]","[-0.03141075907812828, 0.21803560087528986, 0.9754352059286598]",23
oertel_seed-18624_nperz-10_nz-100_nd-100_nmuestras-50.json,18624,10,100,100,50,54,0.43528678707459806,"[1.0, 0.473828956945262, 0.45810815349197176]","[-0.30901699437494745, -0.02987340710303116, -0.9505872273155843]",27
oertel_seed-18625_nperz-10_nz-100_nd-100_nmuestras-50.json,18625,10,100,100,50,54,0.45732756146849224,"[1.0, 0.5092004133813166, 0.4435219857684849]","[0.2789911060392295, 0.8108027755002973, 0.5145510878348444]",31
oertel_seed-18626_nperz-10_nz-100_nd-100_nmuestras-50.json,18626,10,100,100,50,54,0.48117825554390486,"[1.0, 0.5330146442991462, 0.48420915816779453]","[0.06279051952931353, 0.5347694631970942, 0.8426618372094055]",34
oertel_seed-18627_nperz-10_nz-100_nd-100_nmuestras-50.json,18627,10,100,100,50,54,0.42866608508104126,"[1.0, 0.5167380558620136, 0.5076608223661851]","[0.3971478906347807, 0.9159436465712967, -0.05762628974712789]",30
oertel_seed-18628_nperz-10_nz-100_nd-100_nmuestras-50.json,18628,10,100,100,50,54,0.43043943590341943,"[1.0, 0.5236124394286787, 0.5360903447825702]","[-0.9995065603657316, 0.013374050747806641, -0.028421304552383085]",6
oertel_seed-18629_nperz-10_nz-100_nd-100_nmuestras-50.json,18629,10,100,100,50,54,0.43304617254388955,"[1.0, 0.3862838066218699, 0.5104475488627773]","[-0.6129070536529766, -0.24417132701463495, 0.7514820734031781]",18
oertel_seed-18630_nperz-10_nz-100_nd-100_nmuestras-50.json,18630,10,100,100,50,54,0.41246399774943004,"[1.0, 0.4652269604467878, 0.4497072318243781]","[0.30901699437494745, 0.05971733275991173, 0.9491798235084412]",11
oertel_seed-18631_nperz-10_nz-100_nd-100_nmuestras-50.json,18631,10,100,100,50,54,0.47361716991399555,"[1.0, 0.5229921848908592, 0.49389199759678115]","[-0.27899110603922916, -0.1799410932105162, 0.943284244395724]",21
oertel_seed-18632_nperz-10_nz-100_nd-100_nmuestras-50.json,18632,10,100,100,50,54,0.43829176226181155,"[1.0, 0.4656130532240703, 0.4390067809551666]","[0.24868988716485474, -0.6630407998018651, 0.70606673751143]",11
oertel_seed-18633_nperz-10_nz-100_nd-100_nmuestras-50.json,18633,10,100,100,50,54,0.46961033746607433,"[1.0, 0.4778273553522815, 0.5294974794029177]","[0.9995065603657316, -0.02150214422195601, 0.02289745793144782]",35
oertel_seed-18634_nperz-10_nz-100_nd-100_nmuestras-50.json,18634,10,100,100,50,54,0.44787279039366584,"[1.0, 0.548809859200329, 0.45279508955569003]","[-0.2181432413965427, 0.44305693845677213, -0.8695482019522102]",28
oertel_seed-18635_nperz-10_nz-100_nd-100_nmuestras-50.json,18635,10,100,100,50,54,0.4369949047954621,"[1.0, 0.45878342236048175, 0.4644945252360727]","[0.27899110603922916, -0.8556279390750501, -0.4359642102572066]",18
oertel_seed-18636_nperz-10_nz-100_nd-100_nmuestras-50.json,18636,10,100,100,50,54,0.42183410531652216,"[1.0, 0.480772203895846, 0.5237701943930335]","[0.5090414157503713, 0.2659839141169582, -0.8186143136311997]",5
oertel_seed-18637_nperz-10_nz-100_nd-100_nmuestras-50.json,18637,10,100,100,50,54,0.4188100161977227,"[1.0, 0.4795017705288314, 0.4708405420690401]","[0.24868988716485474, -0.49304894361288837, 0.8337002334317453]",1
oertel_seed-18638_nperz-10_nz-100_nd-100_nmuestras-50.json,18638,10,100,100,50,54,0.4502949587380632,"[1.0, 0.4969649502626964, 0.549965848802947]","[0.5090414157503713, 0.16128697253918023, -0.8454959192923426]",10
oertel_seed-18639_nperz-10_nz-100_nd-100_nmuestras-50.json,18639,10,100,100,50,54,0.45526755820311515,"[1.0, 0.5270227470250396, 0.5215891845472032]","[-0.3090169943749471, -0.3777100893210832, 0.8728365171167698]",43
oertel_seed-18640_nperz-10_nz-100_nd-100_nmuestras-50.json,18640,10,100,100,50,54,0.4603765407869569,"[1.0, 0.5606295775968072, 0.46716378684375004]","[-0.9995065603657316, 0.022897457931447818, -0.021502144221956013]",28
oertel_seed-18641_nperz-10_nz-100_nd-100_nmuestras-50.json,18641,10,100,100,50,54,0.4402347636938156,"[1.0, 0.539590739584081, 0.5594224300355732]","[0.9995065603657316, -0.03042393232134334, 0.007811538130902177]",28
oertel_seed-18642_nperz-10_nz-100_nd-100_nmuestras-50.json,18642,10,100,100,50,54,0.4581080219329371,"[1.0, 0.44434626932368004, 0.5251013005052144]","[0.1873813145857246, 0.794687079197354, -0.5773739594932422]",35
oertel_seed-18643_nperz-10_nz-100_nd-100_nmuestras-50.json,18643,10,100,100,50,54,0.4226521447627608,"[1.0, 0.47778119083958437, 0.540119253067392]","[0.9177546256839811, 0.36925877013233793, 0.146199889589592]",19
oertel_seed-18644_nperz-10_nz-100_nd-100_nmuestras-50.json,18644,10,100,100,50,54,0.45600170949201274,"[1.0, 0.42437398922589764, 0.5503426223646164]","[-0.9995065603657316, -0.002956013556896864, -0.031271357017495435]",18
oertel_seed-18645_nperz-10_nz-100_nd-100_nmuestras-50.json,18645,10,100,100,50,54,0.468424027393806,"[1.0, 0.5075514568044935, 0.48600307195427933]","[0.48175367410171543, 0.619642395858086, -0.6196423958580861]",19
oertel_seed-18646_nperz-10_nz-100_nd-100_nmuestras-50.json,18646,10,100,100,50,54,0.4476721055796621,"[1.0, 0.4784780742697461, 0.5535464118487965]","[0.39714789063478056, -0.6884179039301132, 0.6069220234204834]",34
oertel_seed-18647_nperz-10_nz-100_nd-100_nmuestras-50.json,18647,10,100,100,50,54,0.42833186319779376,"[1.0, 0.5319860018956247, 0.4554252502466083]","[0.27899110603922916, -0.8415117715626474, -0.4626250112915451]",38
oertel_seed-18648_nperz-10_nz-100_nd-100_nmuestras-50.json,18648,10,100,100,50,54,0.41280038618490267,"[1.0, 0.5143084464389548, 0.43537606054332195]","[0.24868988716485485, 0.8764002467522387, -0.4124026521672074]",8
oertel_seed-18649_nperz-10_nz-100_nd-100_nmuestras-50.json,18649,10,100,100,50,54,0.41987973046400084,"[1.0, 0.5217740250606956, 0.5675191723924553]","[0.9995065603657316, 0.01765546556353383, 0.02597922865673825]",16
oertel_seed-18650_nperz-10_nz-100_nd-100_nmuestras-50.json,18650,10,100,100,50,54,0.45388717677211,"[1.0, 0.4269722101233684, 0.4694277918967872]","[-0.4539904997395467, -0.13938412895876282, 0.8800367553350505]",41
oertel_seed-18651_nperz-10_nz-100_nd-100_nmuestras-50.json,18651,10,100,100,50,54,0.43822947300077536,"[1.0, 0.4465445381459431, 0.5377431980940388]","[0.27899110603922916, 0.12035671279727478, -0.9527214831395595]",26
oertel_seed-18652_nperz-10_nz-100_nd-100_nmuestras-50.json,18652,10,100,100,50,54,0.47822007880125306,"[1.0, 0.5381418578654682, 0.5808997262863766]","[0.18738131458572474, 0.12311323742281724, 0.9745416223617124]",1
oertel_seed-18653_nperz-10_nz-100_nd-100_nmuestras-50.json,18653,10,100,100,50,54,0.4414428396199957,"[1.0, 0.5026563042930512, 0.4999805614090868]","[-0.2789911060392295, 0.4888292572931331, -0.8265651335286598]",21
oertel_seed-18654_nperz-10_nz-100_nd-100_nmuestras-50.json,18654,10,100,100,50,54,0.3566541657620029,"[1.0, 0.5555422669043872, 0.4145755768099098]","[0.4257792915650727, -0.5983728658616052, -0.6787207881558618]",1
oertel_seed-18655_nperz-10_nz-100_nd-100_nmuestras-50.json,18655,10,100,100,50,54,0.43090265266566624,"[1.0, 0.4555246015343295, 0.5414546152612737]","[0.9980267284282716, -0.05681456070851865, 0.026734902922193923]",29
oertel_seed-18656_nperz-10_nz-100_nd-100_nmuestras-50.json,18656,10,100,100,50,54,0.45805571954299834,"[1.0, 0.5434207384511471, 0.5790797365706992]","[0.9995065603657316, 0.02002197137261541, 0.02420240583533769]",33
oertel_seed-18657_nperz-10_nz-100_nd-100_nmuestras-50.json,18657,10,100,100,50,54,0.4643111907227987,"[1.0, 0.47023734897315017, 0.49451951769445124]","[-0.9980267284282716, -0.03690734136311293, -0.05079859738484654]",32
oertel_seed-18658_nperz-10_nz-100_nd-100_nmuestras-50.json,18658,10,100,100,50,54,0.4362069666991444,"[1.0, 0.5063115901319695, 0.5488455924468046]","[-0.4257792915650727, -0.9043805749361745, 0.028421304552383037]",19
oertel_seed-18659_nperz-10_nz-100_nd-100_nmuestras-50.json,18659,10,100,100,50,54,0.4593016656779414,"[1.0, 0.6053579066776675, 0.4902508935121241]","[-0.18738131458572474, 0.8293725566548312, -0.5263358293066837]",23
oertel_seed-18660_nperz-10_nz-100_nd-100_nmuestras-50.json,18660,10,100,100,50,54,0.4681938137395661,"[1.0, 0.5557191068048657, 0.5300148780965066]","[0.30901699437494745, -0.4317706231133891, 0.8473975608908426]",39
oertel_seed-18661_nperz-10_nz-100_nd-100_nmuestras-50.json,18661,10,100,100,50,54,0.4297002156149351,"[1.0, 0.5267704047238465, 0.5198616725479552]","[-0.12533323356430448, -0.5831503900152021, -0.8026376537326374]",27
oertel_seed-18662_nperz-10_nz-100_nd-100_nmuestras-50.json,18662,10,100,100,50,54,0.4471757466083017,"[1.0, 0.5149549605965822, 0.4874429000201451]","[0.24868988716485474, 0.6405355370070543, 0.7265449510202492]",21
oertel_seed-18663_nperz-10_nz-100_nd-100_nmuestras-50.json,18663,10,100,100,50,54,0.4551061390840525,"[1.0, 0.46114085582915776, 0.5393987637047502]","[0.5620833778521307, -0.3044686664390097, -0.7690000698954389]",24
oertel_seed-18664_nperz-10_nz-100_nd-100_nmuestras-50.json,18664,10,100,100,50,54,0.4524940896512272,"[1.0, 0.5081280462827024, 0.5509391253426799]","[-0.48175367410171543, 0.373113237422817, 0.7929059903603722]",22
oertel_seed-18665_nperz-10_nz-100_nd-100_nmuestras-50.json,18665,10,100,100,50,54,0.4561339885263392,"[1.0, 0.453606085019132, 0.4719234803652853]","[0.9995065603657316, -0.018462780949435726, 0.025411837900422948]",19
oertel_seed-18666_nperz-10_nz-100_nd-100_nmuestras-50.json,18666,10,100,100,50,54,0.4202556832769293,"[1.0, 0.555608464840833, 0.4825827723357729]","[-0.9995065603657316, 0.03042393232134334, -0.007811538130902177]",14
oertel_seed-18667_nperz-10_nz-100_nd-100_nmuestras-50.json,18667,10,100,100,50,54,0.43914253293557637,"[1.0, 0.4809870257248516, 0.5205604161456207]","[-0.21814324139654234, -0.15266701657768225, 0.9639016071582616]",26
oertel_seed-18668_nperz-10_nz-100_nd-100_nmuestras-50.json,18668,10,100,100,50,54,0.4670034590088035,"[1.0, 0.5086978159477509, 0.5069394762336592]","[0.031410759078128396, 0.9681052238078452, 0.24856717371788592]",12
oertel_seed-18669_nperz-10_nz-100_nd-100_nmuestras-50.json,18669,10,100,100,50,54,0.4392682905548509,"[1.0, 0.517953812817112, 0.4744248963060297]","[0.2181432413965427, -0.8071617959084699, 0.5485465900530448]",28
oertel_seed-18670_nperz-10_nz-100_nd-100_nmuestras-50.json,18670,10,100,100,50,54,0.4568709674706498,"[1.0, 0.4503864694630789, 0.4485781836377831]","[-0.12533323356430415, -0.4504106490487109, 0.8839806716143938]",33
oertel_seed-18671_nperz-10_nz-100_nd-100_nmuestras-50.json,18671,10,100,100,50,54,0.44247657693926307,"[1.0, 0.5235972003457082, 0.504661257509826]","[-0.9995065603657316, -0.022210760746361424, -0.02221076074636142]",1
oertel_seed-18672_nperz-10_nz-100_nd-100_nmuestras-50.json,18672,10,100,100,50,54,0.4671020361003885,"[1.0, 0.4978699646886744, 0.4884965265080832]","[0.3971478906347807, -0.8422735529643444, -0.3644843137107058]",26
oertel_seed-18673_nperz-10_nz-100_nd-100_nmuestras-50.json,18673,10,100,100,50,54,0.42361771143278204,"[1.0, 0.5671697576982663, 0.4991168579115792]","[-0.24868988716485474, 0.9381533400219316, -0.24087683705085805]",7
oertel_seed-18674_nperz-10_nz-100_nd-100_nmuestras-50.json,18674,10,100,100,50,54,0.422319713270128,"[1.0, 0.5286247235249528, 0.5763029566006052]","[0.9995065603657316, 0.016830726364690903, 0.026520981050879647]",24
oertel_seed-18675_nperz-10_nz-100_nd-100_nmuestras-50.json,18675,10,100,100,50,54,0.47534420040413117,"[1.0, 0.44845728587273215, 0.4602518928826023]","[-0.1564344650402308, -0.3052124823898885, 0.9393474323917529]",4
oertel_seed-18676_nperz-10_nz-100_nd-100_nmuestras-50.json,18676,10,100,100,50,54,0.4577676693626676,"[1.0, 0.48143216190725857, 0.4973558120305419]","[0.36812455268467775, -0.39587957347536246, -0.8412869171784803]",19
oertel_seed-18677_nperz-10_nz-100_nd-100_nmuestras-50.json,18677,10,100,100,50,54,0.41296101950236414,"[1.0, 0.5055858274991265, 0.41325263456741057]","[-0.2181432413965427, 0.86954820195221, -0.4430569384567723]",14
oertel_seed-18678_nperz-10_nz-100_nd-100_nmuestras-50.json,18678,10,100,100,50,54,0.39783393048930626,"[1.0, 0.4670074501527574, 0.4607179965551467]","[0.1873813145857246, 0.577373959493242, -0.7946870791973542]",24
oertel_seed-18679_nperz-10_nz-100_nd-100_nmuestras-50.json,18679,10,100,100,50,54,0.4531122735203501,"[1.0, 0.45569057386408873, 0.4056265959547023]","[0.3090169943749471, 0.7514820734031782, -0.5829092472599265]",20
oertel_seed-18680_nperz-10_nz-100_nd-100_nmuestras-50.json,18680,10,100,100,50,54,0.44713856345065417,"[1.0, 0.46075346015296625, 0.5553713908958211]","[0.0627905195293134, 0.2784405808209169, -0.9583987654464864]",25
oertel_seed-18681_nperz-10_nz-100_nd-100_nmuestras-50.json,18681,10,100,100,50,54,0.42138800931058906,"[1.0, 0.45490763408856216, 0.5477198766522573]","[-0.3387379202452915, 0.3187119948743448, -0.8852566213878946]",1
oertel_seed-18682_nperz-10_nz-100_nd-100_nmuestras-50.json,18682,10,100,100,50,54,0.42805574319078515,"[1.0, 0.50772856544233, 0.46840912722588346]","[0.5090414157503713, -0.608636524146743, -0.6086365241467429]",5
oertel_seed-18683_nperz-10_nz-100_nd-100_nmuestras-50.json,18683,10,100,100,50,54,0.3964166242011102,"[1.0, 0.5591563077388442, 0.4739518342826503]","[0.18738131458572474, -0.73682454032846, 0.6495982140630308]",24
oertel_seed-18684_nperz-10_nz-100_nd-100_nmuestras-50.json,18684,10,100,100,50,54,0.43342182272701363,"[1.0, 0.49043620144616384, 0.611815231490183]","[-0.2181432413965427, 0.06127832049949921, -0.9739910131360403]",21
oertel_seed-18685_nperz-10_nz-100_nd-100_nmuestras-50.json,18685,10,100,100,50,54,0.4322346765066594,"[1.0, 0.47314297498586444, 0.4230196647116652]","[-0.24868988716485485, -0.7836002378184704, 0.5693188977302337]",27
oertel_seed-18686_nperz-10_nz-100_nd-100_nmuestras-50.json,18686,10,100,100,50,54,0.4547254601320102,"[1.0, 0.413080498713001, 0.48128535528434513]","[0.06279051952931353, -0.5347694631970945, 0.8426618372094054]",16
oertel_seed-18687_nperz-10_nz-100_nd-100_nmuestras-50.json,18687,10,100,100,50,54,0.45610919704101194,"[1.0, 0.5098597041739723, 0.4684775318468436]","[0.48175367410171543, -0.8552023776537012, -0.19116037964221128]",18
oertel_seed-18688_nperz-10_nz-100_nd-100_nmuestras-50.json,18688,10,100,100,50,54,0.4603437708458315,"[1.0, 0.5171035971241023, 0.5096727494907063]","[-0.9995065603657316, -0.022210760746361424, -0.02221076074636142]",21
oertel_seed-18689_nperz-10_nz-100_nd-100_nmuestras-50.json,18689,10,100,100,50,54,0.4466590875741908,"[1.0, 0.541278071505498, 0.4217724236620609]","[0.15643446504023092, 0.12379017348055071, 0.9799001230213373]",23
oertel_seed-18690_nperz-10_nz-100_nd-100_nmuestras-50.json,18690,10,100,100,50,54,0.43701461706887657,"[1.0, 0.5252242407662214, 0.513938683151125]","[0.24868988716485474, 0.9642845547746816, 0.09115172760253025]",31
oertel_seed-18691_nperz-10_nz-100_nd-100_nmuestras-50.json,18691,10,100,100,50,54,0.3905667971314108,"[1.0, 0.5682638882576067, 0.5816303914480684]","[0.9995065603657316, -0.025411837900422944, 0.018462780949435733]",9
oertel_seed-18692_nperz-10_nz-100_nd-100_nmuestras-50.json,18692,10,100,100,50,54,0.47073517274153226,"[1.0, 0.5113470178864996, 0.4410712318351624]","[0.12533323356430415, -0.8026376537326376, -0.583150390015202]",44
oertel_seed-18693_nperz-10_nz-100_nd-100_nmuestras-50.json,18693,10,100,100,50,54,0.4633862730504238,"[1.0, 0.40535037651872335, 0.4926534141503598]","[-0.3387379202452915, 0.3463613122008899, -0.8748088149980956]",22
oertel_seed-18694_nperz-10_nz-100_nd-100_nmuestras-50.json,18694,10,100,100,50,54,0.4512477040423953,"[1.0, 0.4755867236516186, 0.5334529656728425]","[0.9876883405951378, -0.10345196787666266, 0.11734322389839633]",24
oertel_seed-18695_nperz-10_nz-100_nd-100_nmuestras-50.json,18695,10,100,100,50,54,0.4441507665610417,"[1.0, 0.4219443769247082, 0.47211467929034445]","[-0.9995065603657316, -0.021502144221956006, -0.022897457931447825]",29
oertel_seed-18696_nperz-10_nz-100_nd-100_nmuestras-50.json,18696,10,100,100,50,54,0.34817633552807165,"[1.0, 0.5531734002623412, 0.5412958934629866]","[-0.9995065603657316, 0.0192518757995791, -0.024819368728108287]",1
oertel_seed-18697_nperz-10_nz-100_nd-100_nmuestras-50.json,18697,10,100,100,50,54,0.39894570432310633,"[1.0, 0.5129660800118292, 0.4723228877034019]","[0.9921147013144779, 0.06037974575665198, 0.10983034980389761]",7
oertel_seed-18698_nperz-10_nz-100_nd-100_nmuestras-50.json,18698,10,100,100,50,54,0.442195722645124,"[1.0, 0.5243209769719284, 0.5036896488224715]","[-0.9822872507286887, 0.114847329432358, -0.14806028494545634]",1
oertel_seed-18699_nperz-10_nz-100_nd-100_nmuestras-50.json,18699,10,100,100,50,54,0.452400041904639,"[1.0, 0.4603578955465384, 0.4396631981160284]","[0.21814324139654234, 0.6453853342383312, -0.7320459661681685]",32
oertel_seed-18700_nperz-10_nz-100_nd-100_nmuestras-50.json,18700,10,100,100,50,54,0.43081822550714616,"[1.0, 0.5325031679268959, 0.5440524071614324]","[0.36812455268467775, -0.9279417843805866, -0.05838114859506261]",6
oertel_seed-18701_nperz-10_nz-100_nd-100_nmuestras-50.json,18701,10,100,100,50,54,0.42963808303306933,"[1.0, 0.4873551862916464, 0.5094472604283495]","[0.24868988716485474, 0.9452565422770497, 0.21128987033070923]",16
oertel_seed-18702_nperz-10_nz-100_nd-100_nmuestras-50.json,18702,10,100,100,50,54,0.39133005247223873,"[1.0, 0.5158211750035177, 0.4998286925876055]","[-0.9995065603657316, -0.007811538130902161, -0.030423932321343345]",16
oertel_seed-18703_nperz-10_nz-100_nd-100_nmuestras-50.json,18703,10,100,100,50,54,0.46870773435527097,"[1.0, 0.5024739581203173, 0.441087751677245]","[-0.9995065603657316, 0.027987191268321308, -0.014260186211077972]",31
oertel_seed-18704_nperz-10_nz-100_nd-100_nmuestras-50.json,18704,10,100,100,50,54,0.39527518419926866,"[1.0, 0.3958521707414846, 0.5617924218135808]","[-0.48175367410171543, 0.8607848795354713, 0.1642034976868711]",7
oertel_seed-18705_nperz-10_nz-100_nd-100_nmuestras-50.json,18705,10,100,100,50,54,0.3764445622263983,"[1.0, 0.4929090931094098, 0.507209948582356]","[0.5090414157503713, -0.8265651335286599, -0.24013937012827838]",7
oertel_seed-18706_nperz-10_nz-100_nd-100_nmuestras-50.json,18706,10,100,100,50,54,0.4258596807584368,"[1.0, 0.5337473582867656, 0.4378941273904583]","[-0.06279051952931353, -0.9491798235084412, -0.30840721992476633]",12
oertel_seed-18707_nperz-10_nz-100_nd-100_nmuestras-50.json,18707,10,100,100,50,54,0.43360350505124406,"[1.0, 0.4866608750602729, 0.5001227968183625]","[0.30901699437494745, -0.8030035754386602, 0.5096015649703224]",14
oertel_seed-18708_nperz-10_nz-100_nd-100_nmuestras-50.json,18708,10,100,100,50,54,0.45948340825628087,"[1.0, 0.557638579547609, 0.5112381514026959]","[-0.2789911060392295, -0.40887316518194133, -0.8688997051127986]",31
oertel_seed-18709_nperz-10_nz-100_nd-100_nmuestras-50.json,18709,10,100,100,50,54,0.40671451278383414,"[1.0, 0.5423388735485378, 0.535363018234465]","[-0.3090169943749471, 0.2653363093870014, 0.9132935673201467]",6
oertel_seed-18710_nperz-10_nz-100_nd-100_nmuestras-50.json,18710,10,100,100,50,54,0.38603135399239036,"[1.0, 0.576038278831948, 0.5030236037260144]","[-0.4257792915650727, 0.38525662138789457, 0.8187119948743449]",16
oertel_seed-18711_nperz-10_nz-100_nd-100_nmuestras-50.json,18711,10,100,100,50,54,0.43918363352706086,"[1.0, 0.5332835773564797, 0.5443149179346232]","[0.8443279255020151, -0.4233862278178556, 0.32841202217889426]",1
oertel_seed-18712_nperz-10_nz-100_nd-100_nmuestras-50.json,18712,10,100,100,50,54,0.44387387496839653,"[1.0, 0.5017456389478578, 0.5019881657649998]","[0.3090169943749471, 0.2653363093870011, -0.9132935673201468]",1
oertel_seed-18713_nperz-10_nz-100_nd-100_nmuestras-50.json,18713,10,100,100,50,54,0.41389352460083206,"[1.0, 0.46150840266972654, 0.4402721589722952]","[0.36812455268467775, -0.49819915448033597, -0.785036251510581]",9
oertel_seed-18714_nperz-10_nz-100_nd-100_nmuestras-50.json,18714,10,100,100,50,54,0.4548915354647695,"[1.0, 0.5438361682015598, 0.4800145883424765]","[0.9995065603657316, 0.02798719126832131, 0.014260186211077969]",17
oertel_seed-18715_nperz-10_nz-100_nd-100_nmuestras-50.json,18715,10,100,100,50,54,0.4066329833939983,"[1.0, 0.4489445454122674, 0.5153061560450547]","[0.9995065603657316, -0.015989377270924254, 0.02703656043864067]",5
oertel_seed-18716_nperz-10_nz-100_nd-100_nmuestras-50.json,18716,10,100,100,50,54,0.4269550124784734,"[1.0, 0.49172119531343295, 0.4976281352129479]","[-0.1873813145857246, 0.12311323742281725, 0.9745416223617125]",18
oertel_seed-18717_nperz-10_nz-100_nd-100_nmuestras-50.json,18717,10,100,100,50,54,0.45489968575703016,"[1.0, 0.48471515758403605, 0.5362467458676001]","[-0.2789911060392295, 0.9221639627510073, -0.26791339748949855]",16
oertel_seed-18718_nperz-10_nz-100_nd-100_nmuestras-50.json,18718,10,100,100,50,54,0.4296752102552196,"[1.0, 0.52656572468064, 0.5212935201336448]","[0.36812455268467775, 0.9073844574348497, -0.20282445640595007]",4
oertel_seed-18719_nperz-10_nz-100_nd-100_nmuestras-50.json,18719,10,100,100,50,54,0.4357357745615782,"[1.0, 0.5567372515160552, 0.4893330000107268]","[-0.5090414157503713, -0.4838087859976665, 0.711903009996672]",19
oertel_seed-18720_nperz-10_nz-100_nd-100_nmuestras-50.json,18720,10,100,100,50,54,0.41933059764126324,"[1.0, 0.49190481826268767, 0.45035746223389805]","[-0.5358267949789969, 0.42979788255511964, 0.7267485300526391]",13
oertel_seed-18721_nperz-10_nz-100_nd-100_nmuestras-50.json,18721,10,100,100,50,54,0.41390091720048966,"[1.0, 0.5393648139183997, 0.5065176611711057]","[0.36812455268467775, 0.11653189346843015, -0.9224449205862475]",7
oertel_seed-18722_nperz-10_nz-100_nd-100_nmuestras-50.json,18722,10,100,100,50,54,0.4761819797144393,"[1.0, 0.4988267743129464, 0.49247944956666956]","[-0.3387379202452915, 0.08854470220010899, -0.9367051067973253]",33
oertel_seed-18723_nperz-10_nz-100_nd-100_nmuestras-50.json,18723,10,100,100,50,54,0.4473966572966348,"[1.0, 0.5586267734665042, 0.47188858503538206]","[-0.9995065603657316, 0.022897457931447818, -0.021502144221956013]",25
oertel_seed-18724_nperz-10_nz-100_nd-100_nmuestras-50.json,18724,10,100,100,50,54,0.40390962858477786,"[1.0, 0.43025373756877244, 0.4979761468384898]","[0.3971478906347807, 0.171970068227794, -0.9014986681066547]",14
oertel_seed-18725_nperz-10_nz-100_nd-100_nmuestras-50.json,18725,10,100,100,50,54,0.4291029846365764,"[1.0, 0.5510352595228121, 0.4975397970863049]","[0.3971478906347807, -0.8177253590884807, -0.41665188115255125]",12
oertel_seed-18726_nperz-10_nz-100_nd-100_nmuestras-50.json,18726,10,100,100,50,54,0.39040315352992705,"[1.0, 0.5009606681834244, 0.51180597290585]","[0.27899110603922916, 0.9598198387118924, -0.030163553605046262]",8
oertel_seed-18727_nperz-10_nz-100_nd-100_nmuestras-50.json,18727,10,100,100,50,54,0.4213292600139055,"[1.0, 0.49434421166410536, 0.4497890549954642]","[-0.24868988716485485, -0.8630139157846034, 0.4397275533600973]",18
oertel_seed-18728_nperz-10_nz-100_nd-100_nmuestras-50.json,18728,10,100,100,50,54,0.3937059035055132,"[1.0, 0.5257494225352464, 0.5058233329690272]","[0.9177546256839811, 0.3060077090745693, 0.2531515929686981]",19
oertel_seed-18729_nperz-10_nz-100_nd-100_nmuestras-50.json,18729,10,100,100,50,54,0.4414356859026515,"[1.0, 0.5266302820310232, 0.49940221634472837]","[-0.9995065603657316, 0.0009866357858642186, -0.03139525976465669]",20
oertel_seed-18730_nperz-10_nz-100_nd-100_nmuestras-50.json,18730,10,100,100,50,54,0.45441867083024434,"[1.0, 0.43045866930316545, 0.4711424366933781]","[-0.9995065603657316, -0.026520981050879647, -0.016830726364690907]",29
oertel_seed-18731_nperz-10_nz-100_nd-100_nmuestras-50.json,18731,10,100,100,50,54,0.45197997400525247,"[1.0, 0.5401871923547047, 0.48915753832017694]","[0.30901699437494745, -0.17821022026870548, 0.9342106906791707]",26
oertel_seed-18732_nperz-10_nz-100_nd-100_nmuestras-50.json,18732,10,100,100,50,54,0.44222242211612295,"[1.0, 0.4274203066161567, 0.4909125805967952]","[0.1873813145857246, 0.8607848795354714, -0.47322049206181854]",33
oertel_seed-18733_nperz-10_nz-100_nd-100_nmuestras-50.json,18733,10,100,100,50,54,0.41741871270329256,"[1.0, 0.5030627994683001, 0.4943551879229636]","[0.03141075907812828, 0.7897651185753685, -0.6126046210205813]",19
oertel_seed-18734_nperz-10_nz-100_nd-100_nmuestras-50.json,18734,10,100,100,50,54,0.4414910340345616,"[1.0, 0.5037030644452755, 0.5105189952664851]","[0.48175367410171543, -0.32259000460574255, -0.8147693455315836]",13
oertel_seed-18735_nperz-10_nz-100_nd-100_nmuestras-50.json,18735,10,100,100,50,54,0.4065610416025331,"[1.0, 0.5595776963774686, 0.5720278167243176]","[-6.123233995736766e-17, 0.5090414157503713, -0.8607420270039436]",19
oertel_seed-18736_nperz-10_nz-100_nd-100_nmuestras-50.json,18736,10,100,100,50,54,0.4444455971928823,"[1.0, 0.422618361015609, 0.5088818222596145]","[0.587785252292473, 0.6233583077965631, -0.5156868403289724]",8
oertel_seed-18737_nperz-10_nz-100_nd-100_nmuestras-50.json,18737,10,100,100,50,54,0.45814873470945894,"[1.0, 0.51393244729357, 0.4769071275970438]","[0.39714789063478056, -0.14356845390707088, 0.9064555433153232]",47
oertel_seed-18738_nperz-10_nz-100_nd-100_nmuestras-50.json,18738,10,100,100,50,54,0.4810300465898776,"[1.0, 0.47583859269802387, 0.5181876322319257]","[0.03141075907812828, -0.7497409350986005, -0.6609855478386891]",38
oertel_seed-18739_nperz-10_nz-100_nd-100_nmuestras-50.json,18739,10,100,100,50,54,0.46150727334132635,"[1.0, 0.4758446495313599, 0.4997482795780402]","[-0.33873792024529137, 0.9242151837995407, 0.17630347535507018]",24
oertel_seed-18740_nperz-10_nz-100_nd-100_nmuestras-50.json,18740,10,100,100,50,54,0.47001541972845584,"[1.0, 0.45131490481836845, 0.5558659229977172]","[6.123233995736766e-17, -0.7289686274214113, 0.6845471059286888]",31
oertel_seed-18741_nperz-10_nz-100_nd-100_nmuestras-50.json,18741,10,100,100,50,54,0.4384327759217358,"[1.0, 0.555308334837109, 0.5165800325229379]","[-0.1564344650402308, -0.5551631987468808, 0.8168978399437155]",24
oertel_seed-18742_nperz-10_nz-100_nd-100_nmuestras-50.json,18742,10,100,100,50,54,0.45450608465904907,"[1.0, 0.4009940315935143, 0.4667937526362509]","[0.21814324139654234, 0.9073844574348497, -0.35925892144618093]",34
oertel_seed-18743_nperz-10_nz-100_nd-100_nmuestras-50.json,18743,10,100,100,50,54,0.4667658515104111,"[1.0, 0.46199575148285954, 0.4965487954115918]","[-0.3387379202452915, -0.9367051067973253, -0.08854470220010892]",32
oertel_seed-18744_nperz-10_nz-100_nd-100_nmuestras-50.json,18744,10,100,100,50,54,0.4291069921494369,"[1.0, 0.5420286978873755, 0.48435316872946]","[-0.18738131458572474, -0.6724218946769719, -0.7160565888972441]",14
oertel_seed-18745_nperz-10_nz-100_nd-100_nmuestras-50.json,18745,10,100,100,50,54,0.4650390805894494,"[1.0, 0.4811551034415091, 0.48643464028013805]","[-0.48175367410171543, -0.1911603796422111, 0.8552023776537012]",34
oertel_seed-18746_nperz-10_nz-100_nd-100_nmuestras-50.json,18746,10,100,100,50,54,0.4438321115461273,"[1.0, 0.49423281948559233, 0.5159126924071952]","[0.24868988716485474, 0.5693188977302337, 0.7836002378184704]",23
oertel_seed-18747_nperz-10_nz-100_nd-100_nmuestras-50.json,18747,10,100,100,50,54,0.4780673830639493,"[1.0, 0.49072379019261264, 0.5008319577868146]","[0.12533323356430415, 0.9334616430635576, -0.33606687056804463]",36
oertel_seed-18748_nperz-10_nz-100_nd-100_nmuestras-50.json,18748,10,100,100,50,54,0.3981841921674016,"[1.0, 0.48735108925359416, 0.3551652267676064]","[0.21814324139654234, -0.9182213134082464, -0.33058001427165046]",3
oertel_seed-18749_nperz-10_nz-100_nd-100_nmuestras-50.json,18749,10,100,100,50,54,0.4575075914422945,"[1.0, 0.4758901553612802, 0.5004348424921171]","[0.2789911060392295, 0.5644464663104909, 0.7768939113036009]",17
oertel_seed-18750_nperz-10_nz-100_nd-100_nmuestras-50.json,18750,10,100,100,50,54,0.40886482188366624,"[1.0, 0.5098337749135406, 0.5458896771185907]","[0.3387379202452915, -0.8513343728948136, 0.4006075472525311]",13
